po_id,vendor_id,po_date,item_category,quantity_ordered,unit_price,subtotal,gst_rate,po_total,status
PO00001,V028,2025-08-02,Office Supplies,75,3388.98,254173.5,18,299924.73,Closed
PO00002,V010,2025-07-12,Hardware,91,2452.42,223170.22,5,234328.73,Partially Fulfilled
PO00003,V024,2025-12-23,Hardware,19,2053.59,39018.21,28,49943.31,Closed
PO00004,V015,2025-04-28,IT Services,34,5761.55,195892.7,12,219399.82,Closed
PO00005,V029,2025-11-24,IT Services,44,5469.95,240677.8,12,269559.14,Open
PO00006,V022,2025-06-12,Training,10,29857.8,298578.0,28,382179.84,Closed
PO00007,V014,2026-04-13,Cloud Services,81,1340.23,108558.63,28,138955.05,Closed
PO00008,V009,2025-12-21,Facility Management,24,1995.25,47886.0,12,53632.32,Closed
PO00009,V025,2026-02-19,Industrial Supplies,20,624.06,12481.2,12,13978.94,Closed
PO00010,V024,2025-12-12,Hardware,79,2260.24,178558.96,28,228555.47,Open
PO00011,V009,2025-09-20,Facility Management,79,1831.91,144720.89,12,162087.4,Closed
PO00012,V018,2025-03-14,Hardware,4,13234.23,52936.92,12,59289.35,Closed
PO00013,V014,2026-03-21,Cloud Services,67,1784.24,119544.08,28,153016.42,Open
PO00014,V017,2026-02-02,Cloud Services,8,5638.36,45106.88,28,57736.81,Closed
PO00015,V017,2026-02-18,Cloud Services,56,907.06,50795.36,28,65018.06,Closed
PO00016,V010,2025-01-17,Hardware,61,3316.33,202296.13,5,212410.94,Open
PO00017,V030,2026-06-01,Cloud Services,22,7316.91,160972.02,5,169020.62,Partially Fulfilled
PO00018,V026,2025-05-02,Industrial Supplies,4,6096.36,24385.44,12,27311.69,Closed
PO00019,V026,2025-08-14,Industrial Supplies,29,4260.55,123555.95,12,138382.66,Open
PO00020,V020,2025-10-17,Cloud Services,13,9542.57,124053.41,5,130256.08,Partially Fulfilled
PO00021,V030,2025-08-06,Cloud Services,67,2590.18,173542.06,5,182219.16,Closed
PO00022,V025,2025-03-28,Industrial Supplies,33,727.47,24006.51,12,26887.29,Closed
PO00023,V004,2025-12-29,Cloud Services,10,4893.68,48936.8,18,57745.42,Open
PO00024,V014,2025-03-25,Cloud Services,72,1753.63,126261.36,28,161614.54,Closed
PO00025,V029,2025-09-15,IT Services,16,12538.51,200616.16,12,224690.1,Closed
PO00026,V014,2025-07-18,Cloud Services,17,4182.81,71107.77,28,91017.95,Open
PO00027,V021,2026-05-15,Logistics,64,904.12,57863.68,28,74065.51,Closed
PO00028,V003,2025-03-03,Consulting,35,6358.84,222559.4,5,233687.37,Closed
PO00029,V011,2025-08-26,Hardware,91,2169.82,197453.62,28,252740.63,Open
PO00030,V008,2026-05-19,Office Supplies,77,3810.21,293386.17,28,375534.3,Open
PO00031,V008,2026-01-19,Office Supplies,72,2558.33,184199.76,28,235775.69,Closed
PO00032,V009,2025-02-20,Facility Management,8,30374.11,242992.88,12,272152.03,Partially Fulfilled
PO00033,V004,2026-01-11,Cloud Services,46,688.39,31665.94,18,37365.81,Closed
PO00034,V010,2025-10-29,Hardware,81,1336.68,108271.08,5,113684.63,Closed
PO00035,V014,2025-09-14,Cloud Services,86,2027.15,174334.9,28,223148.67,Closed
PO00036,V022,2025-08-13,Training,67,3535.88,236903.96,28,303237.07,Closed
PO00037,V005,2025-11-23,Marketing,59,1504.49,88764.91,18,104742.59,Partially Fulfilled
PO00038,V003,2025-08-05,Consulting,76,605.5,46018.0,5,48318.9,Open
PO00039,V006,2025-12-10,Office Supplies,50,2149.81,107490.5,5,112865.03,Closed
PO00040,V005,2025-02-23,Marketing,68,1249.23,84947.64,18,100238.22,Closed
PO00041,V024,2026-05-30,Hardware,18,12202.82,219650.76,28,281152.97,Closed
PO00042,V018,2025-06-30,Hardware,45,6070.98,273194.1,12,305977.39,Partially Fulfilled
PO00043,V009,2025-08-06,Facility Management,3,85901.87,257705.61,12,288630.28,Closed
PO00044,V015,2026-02-12,IT Services,47,958.67,45057.49,12,50464.39,Closed
PO00045,V009,2025-08-18,Facility Management,49,2946.34,144370.66,12,161695.14,Closed
PO00046,V029,2025-10-25,IT Services,17,8190.58,139239.86,12,155948.64,Closed
PO00047,V025,2025-10-11,Industrial Supplies,27,4595.63,124082.01,12,138971.85,Closed
PO00048,V016,2025-08-17,Hardware,85,549.95,46745.75,5,49083.04,Partially Fulfilled
PO00049,V011,2025-10-10,Hardware,83,2887.97,239701.51,28,306817.93,Partially Fulfilled
PO00050,V005,2025-10-16,Marketing,31,868.45,26921.95,18,31767.9,Open
PO00051,V020,2025-05-07,Cloud Services,68,1006.47,68439.96,5,71861.96,Closed
PO00052,V020,2026-01-14,Cloud Services,74,1740.85,128822.9,5,135264.05,Open
PO00053,V010,2026-05-23,Hardware,11,35340.09,388740.99,5,408178.04,Closed
PO00054,V007,2025-01-20,Training,24,8880.17,213124.08,18,251486.41,Open
PO00055,V017,2025-08-28,Cloud Services,38,1586.68,60293.84,28,77176.12,Closed
PO00056,V025,2025-06-14,Industrial Supplies,97,3432.48,332950.56,12,372904.63,Closed
PO00057,V020,2026-04-16,Cloud Services,30,2928.67,87860.1,5,92253.11,Closed
PO00058,V008,2026-05-02,Office Supplies,100,1019.83,101983.0,28,130538.24,Open
PO00059,V016,2026-05-20,Hardware,5,21077.31,105386.55,5,110655.88,Closed
PO00060,V030,2026-04-09,Cloud Services,16,17816.38,285062.08,5,299315.18,Closed
PO00061,V026,2025-03-02,Industrial Supplies,90,3884.69,349622.1,12,391576.75,Open
PO00062,V016,2025-06-14,Hardware,47,4039.23,189843.81,5,199336.0,Open
PO00063,V011,2026-04-06,Hardware,67,1778.06,119130.02,28,152486.43,Closed
PO00064,V003,2026-01-24,Consulting,74,1186.94,87833.56,5,92225.24,Closed
PO00065,V001,2025-01-17,Hardware,94,620.49,58326.06,12,65325.19,Closed
PO00066,V004,2026-03-09,Cloud Services,7,1864.76,13053.32,18,15402.92,Closed
PO00067,V023,2026-01-10,Industrial Supplies,18,2107.08,37927.44,18,44754.38,Closed
PO00068,V027,2025-04-13,Industrial Supplies,5,12624.66,63123.3,5,66279.47,Open
PO00069,V030,2025-09-17,Cloud Services,78,4724.99,368549.22,5,386976.68,Open
PO00070,V016,2025-03-16,Hardware,44,568.72,25023.68,5,26274.86,Closed
PO00071,V006,2025-01-10,Office Supplies,23,2010.67,46245.41,5,48557.68,Closed
PO00072,V021,2025-03-05,Logistics,97,787.01,76339.97,28,97715.16,Closed
PO00073,V028,2025-08-05,Office Supplies,70,2379.91,166593.7,18,196580.57,Partially Fulfilled
PO00074,V006,2026-02-23,Office Supplies,87,2404.27,209171.49,5,219630.06,Closed
PO00075,V003,2025-08-14,Consulting,74,843.02,62383.48,5,65502.65,Closed
PO00076,V004,2026-04-28,Cloud Services,57,760.34,43339.38,18,51140.47,Partially Fulfilled
PO00077,V030,2025-09-22,Cloud Services,31,6214.9,192661.9,5,202294.99,Open
PO00078,V020,2026-05-12,Cloud Services,32,1757.32,56234.24,5,59045.95,Closed
PO00079,V029,2025-11-07,IT Services,93,563.65,52419.45,12,58709.78,Closed
PO00080,V017,2025-11-26,Cloud Services,15,932.51,13987.65,28,17904.19,Closed
PO00081,V022,2025-01-04,Training,15,10286.26,154293.9,28,197496.19,Closed
PO00082,V029,2025-11-06,IT Services,17,15654.49,266126.33,12,298061.49,Open
PO00083,V023,2025-11-26,Industrial Supplies,81,733.69,59428.89,18,70126.09,Closed
PO00084,V024,2025-01-10,Hardware,85,749.36,63695.6,28,81530.37,Closed
PO00085,V009,2025-08-29,Facility Management,83,2681.95,222601.85,12,249314.07,Open
PO00086,V007,2025-10-04,Training,34,6871.76,233639.84,18,275695.01,Closed
PO00087,V028,2025-05-31,Office Supplies,87,2010.89,174947.43,18,206437.97,Closed
PO00088,V013,2025-07-14,Training,12,14349.83,172197.96,12,192861.72,Open
PO00089,V004,2025-05-23,Cloud Services,66,933.75,61627.5,18,72720.45,Closed
PO00090,V014,2025-05-09,Cloud Services,54,1328.96,71763.84,28,91857.72,Open
PO00091,V030,2026-05-14,Cloud Services,75,4208.34,315625.5,5,331406.78,Partially Fulfilled
PO00092,V004,2025-02-04,Cloud Services,89,797.22,70952.58,18,83724.04,Partially Fulfilled
PO00093,V011,2025-06-15,Hardware,15,14528.47,217927.05,28,278946.62,Closed
PO00094,V010,2025-03-16,Hardware,93,4237.16,394055.88,5,413758.67,Closed
PO00095,V018,2025-10-28,Hardware,17,7839.87,133277.79,12,149271.12,Closed
PO00096,V005,2025-03-02,Marketing,46,544.92,25066.32,18,29578.26,Closed
PO00097,V022,2026-03-09,Training,6,10825.62,64953.72,28,83140.76,Closed
PO00098,V002,2025-11-04,Office Supplies,43,5477.46,235530.78,28,301479.4,Closed
PO00099,V025,2026-05-27,Industrial Supplies,40,3099.66,123986.4,12,138864.77,Closed
PO00100,V016,2026-04-01,Hardware,74,2822.99,208901.26,5,219346.32,Closed
PO00101,V017,2026-04-08,Cloud Services,5,2905.36,14526.8,28,18594.3,Closed
PO00102,V008,2025-05-10,Office Supplies,23,9299.49,213888.27,28,273776.99,Open
PO00103,V029,2025-01-04,IT Services,42,809.15,33984.3,12,38062.42,Closed
PO00104,V012,2025-09-30,Facility Management,93,571.29,53129.97,18,62693.36,Partially Fulfilled
PO00105,V003,2025-07-30,Consulting,84,616.72,51804.48,5,54394.7,Closed
PO00106,V028,2025-02-21,Office Supplies,69,3274.63,225949.47,18,266620.37,Closed
PO00107,V025,2025-06-16,Industrial Supplies,91,3745.62,340851.42,12,381753.59,Partially Fulfilled
PO00108,V025,2026-02-10,Industrial Supplies,58,4022.7,233316.6,12,261314.59,Partially Fulfilled
PO00109,V019,2026-03-06,Marketing,78,1179.12,91971.36,28,117723.34,Partially Fulfilled
PO00110,V017,2025-09-25,Cloud Services,33,1858.19,61320.27,28,78489.95,Closed
PO00111,V026,2025-12-23,Industrial Supplies,47,3469.71,163076.37,12,182645.53,Closed
PO00112,V020,2025-05-19,Cloud Services,25,1304.84,32621.0,5,34252.05,Closed
PO00113,V014,2025-11-11,Cloud Services,48,2168.83,104103.84,28,133252.92,Closed
PO00114,V007,2025-07-11,Training,34,4352.31,147978.54,18,174614.68,Partially Fulfilled
PO00115,V023,2025-04-06,Industrial Supplies,33,968.72,31967.76,18,37721.96,Closed
PO00116,V021,2025-06-04,Logistics,24,4116.85,98804.4,28,126469.63,Open
PO00117,V021,2026-02-05,Logistics,92,800.48,73644.16,28,94264.52,Closed
PO00118,V010,2025-10-06,Hardware,47,7728.65,363246.55,5,381408.88,Closed
PO00119,V015,2025-10-15,IT Services,66,3560.08,234965.28,12,263161.11,Open
PO00120,V016,2025-11-26,Hardware,77,1250.21,96266.17,5,101079.48,Closed
PO00121,V006,2025-11-07,Office Supplies,74,1151.19,85188.06,5,89447.46,Open
PO00122,V021,2026-03-24,Logistics,51,702.0,35802.0,28,45826.56,Closed
PO00123,V029,2025-11-20,IT Services,62,889.0,55118.0,12,61732.16,Partially Fulfilled
PO00124,V022,2025-02-13,Training,59,5707.12,336720.08,28,431001.7,Closed
PO00125,V022,2025-03-30,Training,14,24523.24,343325.36,28,439456.46,Closed
PO00126,V025,2025-11-05,Industrial Supplies,41,6732.57,276035.37,12,309159.61,Closed
PO00127,V030,2025-02-16,Cloud Services,80,4498.18,359854.4,5,377847.12,Open
PO00128,V008,2025-11-03,Office Supplies,73,928.76,67799.48,28,86783.33,Closed
PO00129,V016,2025-03-09,Hardware,62,1074.57,66623.34,5,69954.51,Closed
PO00130,V017,2025-10-25,Cloud Services,1,32310.01,32310.01,28,41356.81,Open
PO00131,V021,2026-04-24,Logistics,53,1609.61,85309.33,28,109195.94,Open
PO00132,V024,2025-09-13,Hardware,52,2929.52,152335.04,28,194988.85,Closed
PO00133,V005,2026-02-13,Marketing,94,593.87,55823.78,18,65872.06,Closed
PO00134,V004,2025-02-15,Cloud Services,73,828.93,60511.89,18,71404.03,Closed
PO00135,V022,2025-04-19,Training,42,6708.36,281751.12,28,360641.43,Open
PO00136,V021,2025-06-23,Logistics,74,1307.11,96726.14,28,123809.46,Closed
PO00137,V025,2026-02-18,Industrial Supplies,77,1583.94,121963.38,12,136598.99,Closed
PO00138,V011,2025-06-13,Hardware,54,1187.85,64143.9,28,82104.19,Closed
PO00139,V029,2025-10-16,IT Services,15,17794.64,266919.6,12,298949.95,Open
PO00140,V014,2025-07-19,Cloud Services,74,2266.49,167720.26,28,214681.93,Closed
PO00141,V006,2025-07-07,Office Supplies,56,4630.33,259298.48,5,272263.4,Closed
PO00142,V024,2025-09-07,Hardware,62,1748.67,108417.54,28,138774.45,Closed
PO00143,V020,2026-03-17,Cloud Services,99,1275.47,126271.53,5,132585.11,Closed
PO00144,V029,2025-03-03,IT Services,43,5704.47,245292.21,12,274727.28,Closed
PO00145,V027,2025-09-06,Industrial Supplies,64,815.96,52221.44,5,54832.51,Closed
PO00146,V018,2025-12-23,Hardware,4,1867.9,7471.6,12,8368.19,Closed
PO00147,V003,2025-08-13,Consulting,46,4226.54,194420.84,5,204141.88,Closed
PO00148,V009,2025-08-27,Facility Management,97,1504.47,145933.59,12,163445.62,Closed
PO00149,V001,2026-01-19,Hardware,31,2037.47,63161.57,12,70740.96,Partially Fulfilled
PO00150,V024,2025-02-27,Hardware,55,4292.38,236080.9,28,302183.55,Partially Fulfilled
PO00151,V002,2026-02-09,Office Supplies,88,1441.8,126878.4,28,162404.35,Closed
PO00152,V026,2025-02-25,Industrial Supplies,5,77121.74,385608.7,12,431881.74,Partially Fulfilled
PO00153,V001,2025-11-21,Hardware,67,828.89,55535.63,12,62199.91,Closed
PO00154,V003,2026-04-12,Consulting,69,582.45,40189.05,5,42198.5,Partially Fulfilled
PO00155,V008,2026-03-21,Office Supplies,25,2521.19,63029.75,28,80678.08,Closed
PO00156,V024,2025-04-14,Hardware,81,2705.78,219168.18,28,280535.27,Closed
PO00157,V009,2025-01-03,Facility Management,66,629.19,41526.54,12,46509.72,Closed
PO00158,V001,2025-01-27,Hardware,16,2749.27,43988.32,12,49266.92,Closed
PO00159,V030,2025-05-30,Cloud Services,81,1494.27,121035.87,5,127087.66,Closed
PO00160,V026,2025-01-30,Industrial Supplies,25,12464.86,311621.5,12,349016.08,Partially Fulfilled
PO00161,V030,2026-03-16,Cloud Services,93,3253.05,302533.65,5,317660.33,Partially Fulfilled
PO00162,V021,2026-03-12,Logistics,82,530.59,43508.38,28,55690.73,Closed
PO00163,V014,2025-12-29,Cloud Services,21,1723.34,36190.14,28,46323.38,Closed
PO00164,V016,2026-01-23,Hardware,54,2973.01,160542.54,5,168569.67,Open
PO00165,V003,2026-02-27,Consulting,86,838.73,72130.78,5,75737.32,Closed
PO00166,V023,2025-04-11,Industrial Supplies,6,2948.65,17691.9,18,20876.44,Partially Fulfilled
PO00167,V003,2026-01-25,Consulting,71,3194.62,226818.02,5,238158.92,Closed
PO00168,V019,2025-01-29,Marketing,51,5420.66,276453.66,28,353860.68,Closed
PO00169,V001,2025-08-27,Hardware,5,11975.15,59875.75,12,67060.84,Closed
PO00170,V022,2025-04-01,Training,42,1235.4,51886.8,28,66415.1,Closed
PO00171,V024,2025-11-04,Hardware,19,12219.11,232163.09,28,297168.76,Partially Fulfilled
PO00172,V014,2026-02-12,Cloud Services,55,2682.83,147555.65,28,188871.23,Closed
PO00173,V027,2025-05-10,Industrial Supplies,58,922.52,53506.16,5,56181.47,Closed
PO00174,V029,2025-06-06,IT Services,55,3202.18,176119.9,12,197254.29,Partially Fulfilled
PO00175,V017,2025-08-19,Cloud Services,70,824.62,57723.4,28,73885.95,Open
PO00176,V029,2025-03-19,IT Services,16,9288.78,148620.48,12,166454.94,Closed
PO00177,V021,2025-03-09,Logistics,41,1459.71,59848.11,28,76605.58,Closed
PO00178,V004,2025-03-11,Cloud Services,98,639.04,62625.92,18,73898.59,Closed
PO00179,V003,2026-02-13,Consulting,31,3470.23,107577.13,5,112955.99,Closed
PO00180,V019,2025-11-27,Marketing,41,4640.09,190243.69,28,243511.92,Closed
PO00181,V005,2026-05-09,Marketing,41,1031.85,42305.85,18,49920.9,Closed
PO00182,V018,2025-06-14,Hardware,61,746.06,45509.66,12,50970.82,Open
PO00183,V009,2025-03-18,Facility Management,42,3297.18,138481.56,12,155099.35,Closed
PO00184,V007,2025-10-25,Training,10,21404.25,214042.5,18,252570.15,Partially Fulfilled
PO00185,V018,2025-11-02,Hardware,71,4253.05,301966.55,12,338202.54,Closed
PO00186,V020,2025-06-14,Cloud Services,62,2093.41,129791.42,5,136280.99,Closed
PO00187,V011,2025-10-03,Hardware,55,2344.64,128955.2,28,165062.66,Open
PO00188,V019,2025-07-07,Marketing,53,4429.59,234768.27,28,300503.39,Closed
PO00189,V025,2025-03-08,Industrial Supplies,74,4213.44,311794.56,12,349209.91,Closed
PO00190,V028,2025-09-19,Office Supplies,86,1821.56,156654.16,18,184851.91,Closed
PO00191,V009,2025-09-28,Facility Management,80,1399.26,111940.8,12,125373.7,Closed
PO00192,V026,2025-09-14,Industrial Supplies,39,1588.61,61955.79,12,69390.48,Closed
PO00193,V002,2026-03-04,Office Supplies,8,35434.4,283475.2,28,362848.26,Open
PO00194,V002,2025-05-26,Office Supplies,8,14363.1,114904.8,28,147078.14,Closed
PO00195,V015,2025-02-04,IT Services,18,5296.95,95345.1,12,106786.51,Partially Fulfilled
PO00196,V023,2025-01-08,Industrial Supplies,91,913.59,83136.69,18,98101.29,Open
PO00197,V022,2026-01-04,Training,86,1862.43,160168.98,28,205016.29,Closed
PO00198,V005,2025-11-09,Marketing,24,1042.01,25008.24,18,29509.72,Closed
PO00199,V016,2025-02-09,Hardware,37,6210.89,229802.93,5,241293.08,Closed
PO00200,V030,2026-02-06,Cloud Services,45,2957.31,133078.95,5,139732.9,Closed
PO00201,V024,2026-01-27,Hardware,69,2567.16,177134.04,28,226731.57,Closed
PO00202,V012,2025-11-30,Facility Management,93,507.52,47199.36,18,55695.24,Closed
PO00203,V021,2025-08-31,Logistics,21,2824.97,59324.37,28,75935.19,Partially Fulfilled
PO00204,V005,2025-03-28,Marketing,72,1483.8,106833.6,18,126063.65,Closed
PO00205,V028,2025-04-15,Office Supplies,99,1690.28,167337.72,18,197458.51,Closed
PO00206,V026,2026-05-30,Industrial Supplies,81,1103.88,89414.28,12,100143.99,Closed
PO00207,V016,2025-06-20,Hardware,45,2388.43,107479.35,5,112853.32,Closed
PO00208,V003,2026-01-28,Consulting,84,1474.36,123846.24,5,130038.55,Closed
PO00209,V015,2025-06-09,IT Services,47,1335.36,62761.92,12,70293.35,Open
PO00210,V006,2026-04-17,Office Supplies,25,968.95,24223.75,5,25434.94,Closed
PO00211,V019,2025-04-12,Marketing,24,5619.41,134865.84,28,172628.28,Closed
PO00212,V015,2025-11-01,IT Services,100,1654.68,165468.0,12,185324.16,Closed
PO00213,V001,2026-03-14,Hardware,9,2202.8,19825.2,12,22204.22,Closed
PO00214,V026,2025-11-28,Industrial Supplies,86,3088.69,265627.34,12,297502.62,Closed
PO00215,V013,2025-11-16,Training,68,4564.07,310356.76,12,347599.57,Closed
PO00216,V002,2025-07-10,Office Supplies,73,2712.96,198046.08,28,253498.98,Partially Fulfilled
PO00217,V027,2025-06-22,Industrial Supplies,34,4992.01,169728.34,5,178214.76,Closed
PO00218,V015,2026-02-04,IT Services,54,4556.19,246034.26,12,275558.37,Closed
PO00219,V012,2025-06-08,Facility Management,51,2037.52,103913.52,18,122617.95,Closed
PO00220,V018,2026-03-19,Hardware,13,12034.16,156444.08,12,175217.37,Partially Fulfilled
PO00221,V018,2025-09-26,Hardware,50,4982.42,249121.0,12,279015.52,Closed
PO00222,V004,2025-07-27,Cloud Services,3,20168.94,60506.82,18,71398.05,Closed
PO00223,V019,2025-01-05,Marketing,64,1611.32,103124.48,28,131999.33,Closed
PO00224,V011,2025-04-10,Hardware,32,691.35,22123.2,28,28317.7,Closed
PO00225,V019,2025-08-07,Marketing,93,2361.21,219592.53,28,281078.44,Partially Fulfilled
PO00226,V010,2025-11-08,Hardware,15,703.04,10545.6,5,11072.88,Closed
PO00227,V013,2025-10-01,Training,28,10097.51,282730.28,12,316657.91,Closed
PO00228,V020,2026-05-26,Cloud Services,72,1537.89,110728.08,5,116264.48,Closed
PO00229,V027,2025-12-05,Industrial Supplies,48,3257.89,156378.72,5,164197.66,Closed
PO00230,V028,2026-01-10,Office Supplies,52,4861.31,252788.12,18,298289.98,Closed
PO00231,V019,2025-02-08,Marketing,79,4814.13,380316.27,28,486804.83,Closed
PO00232,V004,2026-01-16,Cloud Services,51,847.96,43245.96,18,51030.23,Closed
PO00233,V020,2025-08-05,Cloud Services,56,2000.46,112025.76,5,117627.05,Closed
PO00234,V030,2026-05-27,Cloud Services,11,10263.16,112894.76,5,118539.5,Closed
PO00235,V025,2025-11-28,Industrial Supplies,74,3641.93,269502.82,12,301843.16,Closed
PO00236,V011,2025-03-06,Hardware,1,11234.94,11234.94,28,14380.72,Partially Fulfilled
PO00237,V016,2026-04-01,Hardware,78,1755.44,136924.32,5,143770.54,Closed
PO00238,V030,2025-08-30,Cloud Services,86,4310.5,370703.0,5,389238.15,Closed
PO00239,V008,2025-12-04,Office Supplies,42,7015.77,294662.34,28,377167.8,Open
PO00240,V003,2025-10-16,Consulting,23,8143.35,187297.05,5,196661.9,Closed
PO00241,V008,2025-05-04,Office Supplies,93,3324.21,309151.53,28,395713.96,Partially Fulfilled
PO00242,V002,2025-07-13,Office Supplies,6,3202.12,19212.72,28,24592.28,Closed
PO00243,V012,2026-02-01,Facility Management,11,7020.44,77224.84,18,91125.31,Closed
PO00244,V022,2026-02-07,Training,66,4758.41,314055.06,28,401990.48,Open
PO00245,V023,2025-07-18,Industrial Supplies,74,900.44,66632.56,18,78626.42,Open
PO00246,V002,2025-05-02,Office Supplies,91,2484.75,226112.25,28,289423.68,Closed
PO00247,V008,2026-05-10,Office Supplies,86,516.89,44452.54,28,56899.25,Closed
PO00248,V016,2025-12-19,Hardware,27,747.24,20175.48,5,21184.25,Closed
PO00249,V023,2025-11-14,Industrial Supplies,41,1303.06,53425.46,18,63042.04,Closed
PO00250,V021,2025-05-04,Logistics,26,3467.78,90162.28,28,115407.72,Closed
PO00251,V016,2026-04-15,Hardware,35,5899.67,206488.45,5,216812.87,Closed
PO00252,V009,2025-11-03,Facility Management,71,1804.21,128098.91,12,143470.78,Closed
PO00253,V004,2026-03-27,Cloud Services,28,2140.89,59944.92,18,70735.01,Closed
PO00254,V006,2025-02-14,Office Supplies,68,1712.22,116430.96,5,122252.51,Closed
PO00255,V014,2025-10-05,Cloud Services,72,2520.22,181455.84,28,232263.48,Open
PO00256,V030,2025-06-04,Cloud Services,64,2706.09,173189.76,5,181849.25,Closed
PO00257,V017,2025-04-08,Cloud Services,14,3036.17,42506.38,28,54408.17,Closed
PO00258,V030,2025-12-31,Cloud Services,86,2819.27,242457.22,5,254580.08,Closed
PO00259,V002,2025-04-25,Office Supplies,40,7729.05,309162.0,28,395727.36,Closed
PO00260,V015,2025-03-11,IT Services,35,3282.91,114901.85,12,128690.07,Closed
PO00261,V003,2025-10-16,Consulting,7,7055.14,49385.98,5,51855.28,Partially Fulfilled
PO00262,V001,2025-08-24,Hardware,31,1562.22,48428.82,12,54240.28,Closed
PO00263,V027,2026-04-07,Industrial Supplies,35,2666.23,93318.05,5,97983.95,Closed
PO00264,V029,2026-01-27,IT Services,97,1816.57,176207.29,12,197352.16,Closed
PO00265,V030,2025-07-20,Cloud Services,29,11746.58,340650.82,5,357683.36,Closed
PO00266,V008,2025-06-19,Office Supplies,57,5879.45,335128.65,28,428964.67,Closed
PO00267,V010,2025-04-23,Hardware,53,6065.7,321482.1,5,337556.21,Open
PO00268,V018,2025-12-06,Hardware,62,2507.54,155467.48,12,174123.58,Open
PO00269,V026,2025-04-03,Industrial Supplies,25,5317.42,132935.5,12,148887.76,Closed
PO00270,V005,2026-03-31,Marketing,35,1335.16,46730.6,18,55142.11,Closed
PO00271,V002,2025-11-01,Office Supplies,57,4771.4,271969.8,28,348121.34,Closed
PO00272,V024,2025-08-16,Hardware,64,2023.29,129490.56,28,165747.92,Closed
PO00273,V029,2025-05-13,IT Services,100,2082.74,208274.0,12,233266.88,Closed
PO00274,V025,2026-04-15,Industrial Supplies,68,4125.36,280524.48,12,314187.42,Closed
PO00275,V015,2025-06-16,IT Services,19,8624.2,163859.8,12,183522.98,Closed
PO00276,V004,2025-12-06,Cloud Services,43,1484.77,63845.11,18,75337.23,Closed
PO00277,V024,2025-03-14,Hardware,52,2254.38,117227.76,28,150051.53,Closed
PO00278,V002,2026-05-15,Office Supplies,94,816.59,76759.46,28,98252.11,Closed
PO00279,V009,2025-10-25,Facility Management,5,13604.62,68023.1,12,76185.87,Closed
PO00280,V002,2025-08-25,Office Supplies,99,1993.11,197317.89,28,252566.9,Partially Fulfilled
PO00281,V024,2026-03-20,Hardware,32,851.47,27247.04,28,34876.21,Closed
PO00282,V004,2025-07-19,Cloud Services,64,531.99,34047.36,18,40175.88,Closed
PO00283,V027,2026-05-24,Industrial Supplies,70,981.63,68714.1,5,72149.81,Closed
PO00284,V010,2025-07-24,Hardware,50,3823.55,191177.5,5,200736.38,Closed
PO00285,V005,2025-08-04,Marketing,1,13970.63,13970.63,18,16485.34,Partially Fulfilled
PO00286,V026,2025-01-01,Industrial Supplies,17,11782.87,200308.79,12,224345.84,Closed
PO00287,V009,2025-08-02,Facility Management,49,2160.59,105868.91,12,118573.18,Closed
PO00288,V013,2026-02-10,Training,56,6031.58,337768.48,12,378300.7,Partially Fulfilled
PO00289,V016,2025-11-07,Hardware,27,3193.01,86211.27,5,90521.83,Closed
PO00290,V008,2025-09-07,Office Supplies,92,2875.07,264506.44,28,338568.24,Closed
PO00291,V011,2025-05-09,Hardware,23,4111.73,94569.79,28,121049.33,Partially Fulfilled
PO00292,V028,2025-01-26,Office Supplies,49,2728.15,133679.35,18,157741.63,Closed
PO00293,V026,2025-11-10,Industrial Supplies,72,1231.27,88651.44,12,99289.61,Closed
PO00294,V002,2025-03-13,Office Supplies,32,9685.96,309950.72,28,396736.92,Open
PO00295,V003,2026-03-01,Consulting,1,43848.33,43848.33,5,46040.75,Partially Fulfilled
PO00296,V001,2025-02-27,Hardware,16,2802.07,44833.12,12,50213.09,Closed
PO00297,V015,2025-04-30,IT Services,25,6683.42,167085.5,12,187135.76,Partially Fulfilled
PO00298,V018,2026-03-18,Hardware,69,528.33,36454.77,12,40829.34,Partially Fulfilled
PO00299,V009,2025-08-27,Facility Management,86,2125.42,182786.12,12,204720.45,Closed
PO00300,V005,2026-02-06,Marketing,90,1219.54,109758.6,18,129515.15,Closed
PO00301,V009,2025-10-17,Facility Management,26,9538.88,248010.88,12,277772.19,Closed
PO00302,V014,2025-11-10,Cloud Services,97,2201.78,213572.66,28,273373.0,Open
PO00303,V003,2025-03-19,Consulting,37,5163.18,191037.66,5,200589.54,Closed
PO00304,V010,2026-02-20,Hardware,55,4829.43,265618.65,5,278899.58,Closed
PO00305,V009,2025-11-27,Facility Management,22,5351.29,117728.38,12,131855.79,Closed
PO00306,V010,2025-02-10,Hardware,83,637.45,52908.35,5,55553.77,Closed
PO00307,V023,2026-01-01,Industrial Supplies,35,521.62,18256.7,18,21542.91,Open
PO00308,V005,2026-01-13,Marketing,66,1440.88,95098.08,18,112215.73,Closed
PO00309,V010,2025-03-06,Hardware,74,2158.11,159700.14,5,167685.15,Closed
PO00310,V027,2025-11-05,Industrial Supplies,15,2099.32,31489.8,5,33064.29,Closed
PO00311,V024,2025-02-01,Hardware,15,11090.54,166358.1,28,212938.37,Closed
PO00312,V006,2025-09-21,Office Supplies,80,3414.29,273143.2,5,286800.36,Partially Fulfilled
PO00313,V008,2025-10-15,Office Supplies,1,6556.62,6556.62,28,8392.47,Closed
PO00314,V030,2025-11-01,Cloud Services,58,1263.87,73304.46,5,76969.68,Closed
PO00315,V018,2025-08-04,Hardware,90,4429.89,398690.1,12,446532.91,Closed
PO00316,V017,2025-11-20,Cloud Services,17,1468.43,24963.31,28,31953.04,Closed
PO00317,V022,2025-03-10,Training,6,35653.61,213921.66,28,273819.72,Closed
PO00318,V009,2025-12-12,Facility Management,35,6503.81,227633.35,12,254949.35,Closed
PO00319,V006,2025-03-23,Office Supplies,2,82135.72,164271.44,5,172485.01,Closed
PO00320,V007,2026-03-31,Training,85,1490.73,126712.05,18,149520.22,Closed
PO00321,V019,2025-10-01,Marketing,62,4086.3,253350.6,28,324288.77,Partially Fulfilled
PO00322,V012,2025-12-19,Facility Management,76,1203.91,91497.16,18,107966.65,Closed
PO00323,V023,2026-01-09,Industrial Supplies,57,882.7,50313.9,18,59370.4,Closed
PO00324,V030,2025-08-07,Cloud Services,15,13213.73,198205.95,5,208116.25,Closed
PO00325,V029,2025-07-06,IT Services,2,113384.81,226769.62,12,253981.97,Closed
PO00326,V016,2025-08-01,Hardware,43,975.76,41957.68,5,44055.56,Closed
PO00327,V024,2025-03-25,Hardware,89,1353.04,120420.56,28,154138.32,Closed
PO00328,V021,2025-03-19,Logistics,47,2136.33,100407.51,28,128521.61,Closed
PO00329,V008,2026-04-24,Office Supplies,18,4455.38,80196.84,28,102651.96,Closed
PO00330,V026,2026-04-20,Industrial Supplies,99,1220.98,120877.02,12,135382.26,Closed
PO00331,V011,2025-12-02,Hardware,47,4232.51,198927.97,28,254627.8,Closed
PO00332,V027,2025-07-17,Industrial Supplies,65,1815.26,117991.9,5,123891.49,Closed
PO00333,V003,2025-10-05,Consulting,75,2383.23,178742.25,5,187679.36,Closed
PO00334,V024,2025-10-24,Hardware,95,708.35,67293.25,28,86135.36,Open
PO00335,V024,2026-03-24,Hardware,91,2318.66,210998.06,28,270077.52,Closed
PO00336,V024,2025-02-21,Hardware,51,1346.45,68668.95,28,87896.26,Closed
PO00337,V013,2025-04-20,Training,75,610.68,45801.0,12,51297.12,Partially Fulfilled
PO00338,V030,2025-07-16,Cloud Services,99,2887.56,285868.44,5,300161.86,Partially Fulfilled
PO00339,V028,2025-11-22,Office Supplies,89,1461.97,130115.33,18,153536.09,Closed
PO00340,V010,2025-11-13,Hardware,35,7245.78,253602.3,5,266282.41,Closed
PO00341,V012,2025-10-27,Facility Management,41,1838.74,75388.34,18,88958.24,Closed
PO00342,V029,2025-09-01,IT Services,51,1499.6,76479.6,12,85657.15,Closed
PO00343,V011,2026-02-04,Hardware,38,3027.13,115030.94,28,147239.6,Partially Fulfilled
PO00344,V004,2025-03-26,Cloud Services,34,1483.03,50423.02,18,59499.16,Closed
PO00345,V002,2026-01-14,Office Supplies,34,9456.98,321537.32,28,411567.77,Closed
PO00346,V008,2025-02-21,Office Supplies,20,13904.88,278097.6,28,355964.93,Closed
PO00347,V018,2025-09-06,Hardware,89,1756.97,156370.33,12,175134.77,Closed
PO00348,V007,2025-04-07,Training,98,2233.73,218905.54,18,258308.54,Closed
PO00349,V002,2025-03-08,Office Supplies,47,2224.56,104554.32,28,133829.53,Open
PO00350,V002,2025-09-08,Office Supplies,1,322280.22,322280.22,28,412518.68,Closed
PO00351,V008,2026-04-05,Office Supplies,66,2998.56,197904.96,28,253318.35,Partially Fulfilled
PO00352,V004,2025-05-12,Cloud Services,24,1161.08,27865.92,18,32881.79,Open
PO00353,V010,2026-02-06,Hardware,77,4887.88,376366.76,5,395185.1,Closed
PO00354,V028,2026-05-27,Office Supplies,11,23357.89,256936.79,18,303185.41,Open
PO00355,V011,2025-08-02,Hardware,96,660.6,63417.6,28,81174.53,Open
PO00356,V005,2025-06-08,Marketing,95,926.01,87970.95,18,103805.72,Partially Fulfilled
PO00357,V013,2026-01-22,Training,10,33591.3,335913.0,12,376222.56,Closed
PO00358,V019,2025-10-10,Marketing,41,2161.94,88639.54,28,113458.61,Closed
PO00359,V003,2025-02-25,Consulting,26,1842.19,47896.94,5,50291.79,Partially Fulfilled
PO00360,V026,2025-10-31,Industrial Supplies,38,7598.87,288757.06,12,323407.91,Closed
PO00361,V023,2026-03-11,Industrial Supplies,30,1023.0,30690.0,18,36214.2,Open
PO00362,V013,2026-01-31,Training,12,25617.18,307406.16,12,344294.9,Closed
PO00363,V002,2025-08-01,Office Supplies,21,15090.31,316896.51,28,405627.53,Closed
PO00364,V004,2026-04-11,Cloud Services,24,725.15,17403.6,18,20536.25,Partially Fulfilled
PO00365,V012,2025-11-18,Facility Management,27,3579.02,96633.54,18,114027.58,Closed
PO00366,V006,2025-08-04,Office Supplies,66,2150.01,141900.66,5,148995.69,Closed
PO00367,V006,2025-03-11,Office Supplies,25,7959.76,198994.0,5,208943.7,Closed
PO00368,V026,2026-03-31,Industrial Supplies,58,2588.31,150121.98,12,168136.62,Closed
PO00369,V017,2025-06-23,Cloud Services,54,692.12,37374.48,28,47839.33,Closed
PO00370,V008,2025-03-25,Office Supplies,30,11491.99,344759.7,28,441292.42,Partially Fulfilled
PO00371,V003,2025-06-20,Consulting,89,2126.18,189230.02,5,198691.52,Closed
PO00372,V016,2025-09-13,Hardware,29,4600.38,133411.02,5,140081.57,Closed
PO00373,V012,2025-07-07,Facility Management,54,1181.71,63812.34,18,75298.56,Closed
PO00374,V004,2025-03-07,Cloud Services,36,1765.01,63540.36,18,74977.62,Closed
PO00375,V003,2025-03-18,Consulting,49,4510.89,221033.61,5,232085.29,Closed
PO00376,V005,2025-10-16,Marketing,38,1055.91,40124.58,18,47347.0,Closed
PO00377,V005,2025-07-17,Marketing,26,624.49,16236.74,18,19159.35,Closed
PO00378,V004,2026-04-22,Cloud Services,16,1662.02,26592.32,18,31378.94,Partially Fulfilled
PO00379,V028,2026-05-20,Office Supplies,61,2260.57,137894.77,18,162715.83,Closed
PO00380,V013,2025-10-04,Training,53,1806.24,95730.72,12,107218.41,Closed
PO00381,V026,2026-03-01,Industrial Supplies,99,3281.02,324820.98,12,363799.5,Partially Fulfilled
PO00382,V023,2025-09-01,Industrial Supplies,38,653.93,24849.34,18,29322.22,Closed
PO00383,V025,2025-10-18,Industrial Supplies,93,1603.12,149090.16,12,166980.98,Closed
PO00384,V002,2025-06-28,Office Supplies,94,2941.87,276535.78,28,353965.8,Closed
PO00385,V020,2025-11-28,Cloud Services,63,1989.28,125324.64,5,131590.87,Closed
PO00386,V024,2025-04-21,Hardware,83,2672.57,221823.31,28,283933.84,Closed
PO00387,V016,2026-01-28,Hardware,44,3651.03,160645.32,5,168677.59,Closed
PO00388,V001,2026-06-01,Hardware,56,697.6,39065.6,12,43753.47,Open
PO00389,V027,2026-02-19,Industrial Supplies,7,13223.65,92565.55,5,97193.83,Closed
PO00390,V004,2025-03-21,Cloud Services,44,1129.75,49709.0,18,58656.62,Closed
PO00391,V015,2025-12-03,IT Services,40,6586.02,263440.8,12,295053.7,Open
PO00392,V010,2026-01-13,Hardware,42,4923.04,206767.68,5,217106.06,Closed
PO00393,V010,2025-02-07,Hardware,66,4051.65,267408.9,5,280779.35,Open
PO00394,V015,2026-05-10,IT Services,62,1898.92,117733.04,12,131861.0,Closed
PO00395,V017,2026-05-28,Cloud Services,18,2751.42,49525.56,28,63392.72,Closed
PO00396,V026,2025-01-21,Industrial Supplies,59,3216.48,189772.32,12,212545.0,Closed
PO00397,V009,2025-05-25,Facility Management,90,2363.9,212751.0,12,238281.12,Closed
PO00398,V030,2025-10-04,Cloud Services,46,5594.92,257366.32,5,270234.64,Closed
PO00399,V006,2026-01-07,Office Supplies,31,8434.14,261458.34,5,274531.26,Closed
PO00400,V011,2026-01-20,Hardware,74,1729.4,127975.6,28,163808.77,Partially Fulfilled
PO00401,V027,2025-11-03,Industrial Supplies,57,2638.57,150398.49,5,157918.41,Partially Fulfilled
PO00402,V016,2026-04-17,Hardware,73,1662.95,121395.35,5,127465.12,Closed
PO00403,V006,2025-12-29,Office Supplies,65,1777.68,115549.2,5,121326.66,Closed
PO00404,V013,2025-08-17,Training,47,1497.74,70393.78,12,78841.03,Closed
PO00405,V025,2025-03-10,Industrial Supplies,10,23328.89,233288.9,12,261283.57,Closed
PO00406,V020,2025-12-11,Cloud Services,74,531.91,39361.34,5,41329.41,Closed
PO00407,V027,2025-03-26,Industrial Supplies,33,1587.08,52373.64,5,54992.32,Closed
PO00408,V024,2026-03-24,Hardware,94,997.82,93795.08,28,120057.7,Closed
PO00409,V028,2026-03-30,Office Supplies,67,940.12,62988.04,18,74325.89,Closed
PO00410,V009,2025-03-14,Facility Management,77,1347.92,103789.84,12,116244.62,Closed
PO00411,V009,2026-01-21,Facility Management,68,3643.06,247728.08,12,277455.45,Partially Fulfilled
PO00412,V007,2025-10-09,Training,97,2857.12,277140.64,18,327025.96,Closed
PO00413,V024,2026-01-23,Hardware,96,1699.16,163119.36,28,208792.78,Partially Fulfilled
PO00414,V008,2025-11-22,Office Supplies,31,4121.56,127768.36,28,163543.5,Closed
PO00415,V022,2025-08-17,Training,98,1759.18,172399.64,28,220671.54,Closed
PO00416,V021,2025-01-13,Logistics,55,1052.69,57897.95,28,74109.38,Closed
PO00417,V022,2025-07-08,Training,88,2675.66,235458.08,28,301386.34,Closed
PO00418,V014,2026-05-02,Cloud Services,18,10327.75,185899.5,28,237951.36,Closed
PO00419,V010,2026-01-02,Hardware,33,7222.37,238338.21,5,250255.12,Closed
PO00420,V015,2025-11-25,IT Services,45,2442.14,109896.3,12,123083.86,Closed
PO00421,V025,2026-05-12,Industrial Supplies,25,12711.95,317798.75,12,355934.6,Closed
PO00422,V028,2026-03-15,Office Supplies,32,8003.13,256100.16,18,302198.19,Closed
PO00423,V001,2025-05-02,Hardware,75,882.33,66174.75,12,74115.72,Partially Fulfilled
PO00424,V023,2025-09-07,Industrial Supplies,11,2647.9,29126.9,18,34369.74,Partially Fulfilled
PO00425,V021,2025-11-26,Logistics,25,2846.7,71167.5,28,91094.4,Closed
PO00426,V009,2025-05-15,Facility Management,31,5287.53,163913.43,12,183583.04,Closed
PO00427,V011,2025-12-08,Hardware,41,1792.68,73499.88,28,94079.85,Closed
PO00428,V025,2026-03-24,Industrial Supplies,30,2355.94,70678.2,12,79159.58,Closed
PO00429,V011,2025-08-25,Hardware,1,88622.19,88622.19,28,113436.4,Partially Fulfilled
PO00430,V024,2026-03-13,Hardware,14,2769.59,38774.26,28,49631.05,Partially Fulfilled
PO00431,V021,2025-03-01,Logistics,78,595.65,46460.7,28,59469.7,Closed
PO00432,V012,2026-06-04,Facility Management,46,871.41,40084.86,18,47300.13,Closed
PO00433,V029,2025-07-28,IT Services,16,7809.69,124955.04,12,139949.64,Partially Fulfilled
PO00434,V019,2026-05-01,Marketing,88,4832.2,425233.6,28,544299.01,Closed
PO00435,V019,2025-11-03,Marketing,7,8960.98,62726.86,28,80290.38,Closed
PO00436,V024,2025-05-21,Hardware,25,8435.36,210884.0,28,269931.52,Closed
PO00437,V007,2026-01-05,Training,67,1069.21,71637.07,18,84531.74,Open
PO00438,V025,2025-04-02,Industrial Supplies,58,2822.0,163676.0,12,183317.12,Partially Fulfilled
PO00439,V016,2025-06-03,Hardware,56,2386.53,133645.68,5,140327.96,Closed
PO00440,V021,2025-12-06,Logistics,80,1287.22,102977.6,28,131811.33,Partially Fulfilled
PO00441,V001,2025-02-25,Hardware,100,758.23,75823.0,12,84921.76,Closed
PO00442,V003,2026-01-14,Consulting,69,3276.87,226104.03,5,237409.23,Closed
PO00443,V010,2025-04-03,Hardware,32,6378.68,204117.76,5,214323.65,Closed
PO00444,V013,2025-01-27,Training,21,12848.67,269822.07,12,302200.72,Closed
PO00445,V023,2025-12-21,Industrial Supplies,36,1358.82,48917.52,18,57722.67,Closed
PO00446,V025,2026-03-04,Industrial Supplies,91,1880.54,171129.14,12,191664.64,Closed
PO00447,V012,2026-01-07,Facility Management,33,2660.48,87795.84,18,103599.09,Closed
PO00448,V025,2025-09-13,Industrial Supplies,17,18282.4,310800.8,12,348096.9,Closed
PO00449,V009,2026-04-22,Facility Management,15,15812.32,237184.8,12,265646.98,Closed
PO00450,V003,2025-03-21,Consulting,33,3964.82,130839.06,5,137381.01,Partially Fulfilled
PO00451,V009,2025-04-28,Facility Management,7,2501.25,17508.75,12,19609.8,Closed
PO00452,V001,2025-08-15,Hardware,9,5913.24,53219.16,12,59605.46,Closed
PO00453,V003,2026-01-24,Consulting,4,37789.89,151159.56,5,158717.54,Closed
PO00454,V025,2025-03-29,Industrial Supplies,35,1882.66,65893.1,12,73800.27,Closed
PO00455,V002,2025-10-15,Office Supplies,87,3266.65,284198.55,28,363774.14,Closed
PO00456,V017,2026-03-02,Cloud Services,46,592.28,27244.88,28,34873.45,Partially Fulfilled
PO00457,V013,2025-11-02,Training,40,7439.8,297592.0,12,333303.04,Closed
PO00458,V008,2026-01-27,Office Supplies,33,5836.67,192610.11,28,246540.94,Partially Fulfilled
PO00459,V017,2025-06-10,Cloud Services,76,732.34,55657.84,28,71242.04,Closed
PO00460,V012,2025-04-24,Facility Management,42,950.05,39902.1,18,47084.48,Closed
PO00461,V020,2026-01-31,Cloud Services,76,685.34,52085.84,5,54690.13,Closed
PO00462,V003,2025-04-02,Consulting,34,1602.01,54468.34,5,57191.76,Closed
PO00463,V002,2025-12-30,Office Supplies,83,1913.6,158828.8,28,203300.86,Closed
PO00464,V030,2025-03-13,Cloud Services,86,3046.55,262003.3,5,275103.47,Partially Fulfilled
PO00465,V006,2025-04-06,Office Supplies,45,2705.38,121742.1,5,127829.21,Closed
PO00466,V027,2026-05-23,Industrial Supplies,96,1862.52,178801.92,5,187742.02,Closed
PO00467,V014,2025-09-04,Cloud Services,20,2775.83,55516.6,28,71061.25,Closed
PO00468,V020,2025-05-31,Cloud Services,95,1342.69,127555.55,5,133933.33,Open
PO00469,V001,2025-07-19,Hardware,57,875.91,49926.87,12,55918.09,Open
PO00470,V025,2026-01-05,Industrial Supplies,38,729.42,27717.96,12,31044.12,Open
PO00471,V016,2025-07-13,Hardware,5,28949.86,144749.3,5,151986.76,Partially Fulfilled
PO00472,V015,2025-05-16,IT Services,62,2208.91,136952.42,12,153386.71,Closed
PO00473,V008,2025-07-01,Office Supplies,76,4065.32,308964.32,28,395474.33,Closed
PO00474,V017,2025-07-20,Cloud Services,16,1528.04,24448.64,28,31294.26,Closed
PO00475,V004,2025-08-23,Cloud Services,53,733.53,38877.09,18,45874.97,Open
PO00476,V017,2025-12-18,Cloud Services,64,537.96,34429.44,28,44069.68,Open
PO00477,V011,2025-11-08,Hardware,1,56152.06,56152.06,28,71874.64,Partially Fulfilled
PO00478,V027,2025-12-03,Industrial Supplies,78,850.21,66316.38,5,69632.2,Closed
PO00479,V026,2026-03-08,Industrial Supplies,90,2280.36,205232.4,12,229860.29,Closed
PO00480,V015,2026-05-02,IT Services,85,669.07,56870.95,12,63695.46,Closed
PO00481,V011,2025-08-30,Hardware,22,7200.88,158419.36,28,202776.78,Partially Fulfilled
PO00482,V006,2025-12-20,Office Supplies,31,2292.69,71073.39,5,74627.06,Closed
PO00483,V027,2025-02-24,Industrial Supplies,10,4491.81,44918.1,5,47164.0,Open
PO00484,V013,2025-04-02,Training,53,1439.65,76301.45,12,85457.62,Open
PO00485,V020,2025-06-28,Cloud Services,87,916.0,79692.0,5,83676.6,Closed
PO00486,V011,2025-01-29,Hardware,25,4076.08,101902.0,28,130434.56,Closed
PO00487,V011,2025-08-06,Hardware,27,6133.8,165612.6,28,211984.13,Closed
PO00488,V007,2026-04-07,Training,81,4333.23,350991.63,18,414170.12,Partially Fulfilled
PO00489,V021,2025-01-27,Logistics,10,1557.74,15577.4,28,19939.07,Closed
PO00490,V004,2025-11-19,Cloud Services,46,613.55,28223.3,18,33303.49,Closed
PO00491,V006,2025-02-23,Office Supplies,86,2535.45,218048.7,5,228951.14,Open
PO00492,V025,2025-10-01,Industrial Supplies,70,4942.49,345974.3,12,387491.22,Partially Fulfilled
PO00493,V014,2025-02-02,Cloud Services,5,17645.73,88228.65,28,112932.67,Closed
PO00494,V010,2026-05-09,Hardware,47,5414.12,254463.64,5,267186.82,Closed
PO00495,V028,2026-02-21,Office Supplies,81,964.65,78136.65,18,92201.25,Closed
PO00496,V030,2025-09-17,Cloud Services,33,5909.49,195013.17,5,204763.83,Closed
PO00497,V009,2026-02-23,Facility Management,98,1353.86,132678.28,12,148599.67,Closed
PO00498,V012,2025-11-01,Facility Management,80,614.78,49182.4,18,58035.23,Closed
PO00499,V020,2026-05-26,Cloud Services,33,1319.44,43541.52,5,45718.6,Closed
PO00500,V004,2026-03-27,Cloud Services,80,794.67,63573.6,18,75016.85,Partially Fulfilled
